Protein accession,Protein description,Gene name,Ratio,P value,Regulated Type,MW [kDa],C1,C2,C3,D1,D2,D3
A0AV96,RNA-binding protein 47 OS=Homo sapiens OX=9606 GN=RBM47 PE=1 SV=2,RBM47,0.6338,0.004739869950722,Down,64.098,1.620303,1.464403,1.546346,1.129875,0.885317,0.920166
A4D1E9,GTP-binding protein 10 OS=Homo sapiens OX=9606 GN=GTPBP10 PE=1 SV=1,GTPBP10,0.6573,0.002165945935298,Down,42.932,1.773146,1.792829,1.665569,1.274063,1.061286,1.103219
A6NCE7,Microtubule-associated proteins 1A/1B light chain 3 beta 2 OS=Homo sapiens OX=9606 GN=MAP1LC3B2 PE=2 SV=1,MAP1LC3B2,1.5923,6.79376088499002E-05,Up,14.628,0.679123,0.730455,0.673552,1.122925,1.090054,1.103944
O00391,Sulfhydryl oxidase 1 OS=Homo sapiens OX=9606 GN=QSOX1 PE=1 SV=3,QSOX1,2.5607,0.018532650833418,Up,82.577,,0.457063,0.581388,1.564985,1.427067,0.996768
O00422,Histone deacetylase complex subunit SAP18 OS=Homo sapiens OX=9606 GN=SAP18 PE=1 SV=1,SAP18,1.5667,0.002129096049129,Up,17.561,0.761723,0.898013,0.817521,1.205178,1.281637,1.394393
O00458,Interferon-related developmental regulator 1 OS=Homo sapiens OX=9606 GN=IFRD1 PE=1 SV=4,IFRD1,2.2436,0.006453308045406,Up,50.268,0.689963,0.491526,0.795508,1.674973,1.424742,1.335803
O00483,Cytochrome c oxidase subunit NDUFA4 OS=Homo sapiens OX=9606 GN=NDUFA4 PE=1 SV=1,NDUFA4,0.4349,4.06974462555365E-06,Down,9.3697,1.181362,1.141642,1.210514,0.522476,0.495227,0.518994
O00622,CCN family member 1 OS=Homo sapiens OX=9606 GN=CCN1 PE=1 SV=1,CCN1,6.5786,0.000347694752578,Up,42.026,0.190601,0.321683,0.235986,1.728426,1.415238,1.778908
O14925,Mitochondrial import inner membrane translocase subunit Tim23 OS=Homo sapiens OX=9606 GN=TIMM23 PE=1 SV=1,TIMM23,0.6535,0.001621038176402,Down,21.943,1.857658,1.691269,1.808696,1.196324,1.246121,1.058979
O15321,Transmembrane 9 superfamily member 1 OS=Homo sapiens OX=9606 GN=TM9SF1 PE=2 SV=2,TM9SF1,0.5573,0.000824075851196,Down,68.86,1.155721,1.130889,1.071207,0.603088,0.698726,0.569609
O15397,Importin-8 OS=Homo sapiens OX=9606 GN=IPO8 PE=1 SV=2,IPO8,0.484,0.005326494435983,Down,119.94,1.184684,1.055465,0.779259,0.518093,0.481784,0.461418
O15554,Intermediate conductance calcium-activated potassium channel protein 4 OS=Homo sapiens OX=9606 GN=KCNN4 PE=1 SV=1,KCNN4,0.4626,0.000606210120091,Down,47.695,1.429022,1.657749,1.565752,0.627203,0.748865,0.776372
O43295,SLIT-ROBO Rho GTPase-activating protein 3 OS=Homo sapiens OX=9606 GN=SRGAP3 PE=1 SV=3,SRGAP3,0.5356,0.004152216673838,Down,124.5,1.827279,1.624521,1.293467,0.822517,0.829887,0.889286
O43505,"Beta-1,4-glucuronyltransferase 1 OS=Homo sapiens OX=9606 GN=B4GAT1 PE=1 SV=1",B4GAT1,0.5673,0.043303841201526,Down,47.119,1.040582,1.3757,1.637576,0.928998,0.799475,0.571176
O43663,Protein regulator of cytokinesis 1 OS=Homo sapiens OX=9606 GN=PRC1 PE=1 SV=2,PRC1,1.6202,0.027980428484545,Up,71.606,0.852242,0.580231,0.947777,1.305291,1.263443,1.287703
O43854,EGF-like repeat and discoidin I-like domain-containing protein 3 OS=Homo sapiens OX=9606 GN=EDIL3 PE=1 SV=1,EDIL3,0.4787,0.000601169221491,Down,53.764,0.321722,0.305316,0.319307,0.173193,0.144419,0.135394
O43929,Origin recognition complex subunit 4 OS=Homo sapiens OX=9606 GN=ORC4 PE=1 SV=2,ORC4,0.6115,0.000139349750027,Down,50.377,1.57372,1.602221,1.608198,0.997263,1.017121,0.911235
O43933,Peroxisome biogenesis factor 1 OS=Homo sapiens OX=9606 GN=PEX1 PE=1 SV=1,PEX1,0.537,0.041320183994479,Down,142.87,1.634228,1.528668,1.754863,1.01463,0.542371,1.083959
O60248,Protein SOX-15 OS=Homo sapiens OX=9606 GN=SOX15 PE=1 SV=1,SOX15,1.5061,0.016185062348067,Up,25.251,0.784603,0.567923,0.760732,1.047654,1.103374,1.031839
O60353,Frizzled-6 OS=Homo sapiens OX=9606 GN=FZD6 PE=1 SV=2,FZD6,0.5631,0.018028624255909,Down,79.291,2.063947,1.593118,1.888946,1.256076,1.064675,0.8023
O60427,Acyl-CoA (8-3)-desaturase OS=Homo sapiens OX=9606 GN=FADS1 PE=1 SV=3,FADS1,0.315,0.000342731189138,Down,51.964,2.095283,2.312015,1.99626,0.68636,0.769865,0.560578
O60476,"Mannosyl-oligosaccharide 1,2-alpha-mannosidase IB OS=Homo sapiens OX=9606 GN=MAN1A2 PE=1 SV=1",MAN1A2,0.5155,0.001729856792061,Down,73.003,1.441849,1.16356,1.477455,0.763313,0.686862,0.6546
O60942,mRNA-capping enzyme OS=Homo sapiens OX=9606 GN=RNGTT PE=1 SV=1,RNGTT,3.0936,0.00151447667247,Up,68.556,0.663636,0.426547,0.523021,1.635845,1.890842,1.463905
O75128,Protein cordon-bleu OS=Homo sapiens OX=9606 GN=COBL PE=1 SV=2,COBL,0.6049,0.017112735718368,Down,135.62,1.684319,1.242884,1.625186,0.991177,0.770981,0.991756
O75487,Glypican-4 OS=Homo sapiens OX=9606 GN=GPC4 PE=1 SV=4,GPC4,0.467,0.019982814804145,Down,62.411,1.696782,1.17739,1.419493,,0.754652,0.582222
O75592,E3 ubiquitin-protein ligase MYCBP2 OS=Homo sapiens OX=9606 GN=MYCBP2 PE=1 SV=4,MYCBP2,0.5958,0.035258460168875,Down,513.63,2.045707,1.383042,1.58978,1.246467,0.848879,0.894456
O75683,Surfeit locus protein 6 OS=Homo sapiens OX=9606 GN=SURF6 PE=1 SV=3,SURF6,0.6258,0.030281583986059,Down,41.45,1.372682,1.430814,1.83046,0.988607,0.774094,1.137002
O75911,Short-chain dehydrogenase/reductase 3 OS=Homo sapiens OX=9606 GN=DHRS3 PE=1 SV=2,DHRS3,0.6036,0.02434843918811,Down,33.548,1.534983,1.673137,1.738083,1.031529,1.211153,0.742634
O75976,Carboxypeptidase D OS=Homo sapiens OX=9606 GN=CPD PE=1 SV=2,CPD,0.484,2.55015065313953E-05,Down,152.93,1.625597,1.714884,1.689339,0.834107,0.765158,0.835311
O76031,"ATP-dependent Clp protease ATP-binding subunit clpX-like, mitochondrial OS=Homo sapiens OX=9606 GN=CLPX PE=1 SV=2",CLPX,0.6221,0.001104270808442,Down,69.223,1.389864,1.257216,1.389172,0.830134,0.773897,0.906808
O94851,[F-actin]-monooxygenase MICAL2 OS=Homo sapiens OX=9606 GN=MICAL2 PE=1 SV=1,MICAL2,1.6113,0.003386130258879,Up,126.69,0.846459,0.853055,0.787293,1.471849,1.37701,1.158027
O95049,Tight junction protein ZO-3 OS=Homo sapiens OX=9606 GN=TJP3 PE=1 SV=3,TJP3,0.5533,0.033473618431733,Down,101.4,1.604575,1.101704,1.39039,,0.823055,0.688175
O95183,Vesicle-associated membrane protein 5 OS=Homo sapiens OX=9606 GN=VAMP5 PE=1 SV=1,VAMP5,0.6036,0.026740507677379,Down,12.805,,0.988315,1.20629,0.690723,0.566226,0.729968
O95785,Protein Wiz OS=Homo sapiens OX=9606 GN=WIZ PE=1 SV=2,WIZ,0.6356,0.042156267523681,Down,178.67,1.349333,1.038377,1.547543,1.002069,0.76884,0.730406
P01011,Alpha-1-antichymotrypsin OS=Homo sapiens OX=9606 GN=SERPINA3 PE=1 SV=2,SERPINA3,0.4606,0.022185353004053,Down,47.65,0.89955,1.179706,1.213408,0.434602,0.365902,0.716062
P01024,Complement C3 OS=Homo sapiens OX=9606 GN=C3 PE=1 SV=2,C3,0.4332,0.000153555401009,Down,187.15,2.361463,2.170308,2.405226,1.094082,0.994531,0.916696
P01583,Interleukin-1 alpha OS=Homo sapiens OX=9606 GN=IL1A PE=1 SV=1,IL1A,2.3742,0.009185148077728,Up,30.606,,0.548674,0.63039,1.457215,1.604984,1.13689
P02511,Alpha-crystallin B chain OS=Homo sapiens OX=9606 GN=CRYAB PE=1 SV=2,CRYAB,2.2964,0.008417156768618,Up,20.159,0.026946,0.031596,0.028867,0.049553,0.086395,0.064776
P03973,Antileukoproteinase OS=Homo sapiens OX=9606 GN=SLPI PE=1 SV=2,SLPI,1.9031,0.000216343142355,Up,14.326,0.632277,0.58332,0.601349,1.215981,1.05362,1.188265
P04626,Receptor tyrosine-protein kinase erbB-2 OS=Homo sapiens OX=9606 GN=ERBB2 PE=1 SV=1,ERBB2,0.6403,0.000243132986816,Down,137.91,1.301442,1.383951,1.456147,0.866852,0.874082,0.910786
P05109,Protein S100-A8 OS=Homo sapiens OX=9606 GN=S100A8 PE=1 SV=1,S100A8,0.4003,5.04822888332658E-06,Down,10.834,2.252222,2.175917,2.223496,0.918957,0.843248,0.900131
P05161,Ubiquitin-like protein ISG15 OS=Homo sapiens OX=9606 GN=ISG15 PE=1 SV=5,ISG15,2.1432,0.03488552396563,Up,17.887,0.135637,,0.103153,0.193222,0.307908,0.266539
P06702,Protein S100-A9 OS=Homo sapiens OX=9606 GN=S100A9 PE=1 SV=1,S100A9,0.4317,3.47568104454823E-06,Down,13.242,2.362581,2.366778,2.326641,0.979842,1.05856,1.007982
P07711,Cathepsin L1 OS=Homo sapiens OX=9606 GN=CTSL PE=1 SV=2,CTSL,0.6157,0.002972361269033,Down,37.564,1.493796,1.512843,1.548019,1.041066,0.957357,0.806068
P08069,Insulin-like growth factor 1 receptor OS=Homo sapiens OX=9606 GN=IGF1R PE=1 SV=1,IGF1R,0.5686,0.002447108414748,Down,154.79,1.229936,1.35306,1.302101,0.689596,0.783029,
P08473,Neprilysin OS=Homo sapiens OX=9606 GN=MME PE=1 SV=2,MME,0.5345,0.033549150172297,Down,85.513,0.046711,0.035849,0.030646,0.020683,0.025147,0.014674
P08581,Hepatocyte growth factor receptor OS=Homo sapiens OX=9606 GN=MET PE=1 SV=4,MET,0.5844,0.000964977327896,Down,155.54,1.767903,1.851677,1.923981,1.190863,0.97728,1.071265
P08648,Integrin alpha-5 OS=Homo sapiens OX=9606 GN=ITGA5 PE=1 SV=2,ITGA5,1.5711,6.94832110032787E-05,Up,114.54,0.543541,0.544923,0.566082,0.856252,0.905241,0.837998
P09917,Arachidonate 5-lipoxygenase OS=Homo sapiens OX=9606 GN=ALOX5 PE=1 SV=2,ALOX5,0.422,0.009285442303098,Down,77.982,1.527151,1.741883,1.462408,0.67578,0.860543,0.460147
P0DMN0,Sulfotransferase 1A4 OS=Homo sapiens OX=9606 GN=SULT1A4 PE=1 SV=1,SULT1A4,0.6212,0.027417779208379,Down,34.196,0.226927,0.221141,0.285734,0.141528,,0.162366
P10321,"HLA class I histocompatibility antigen, C alpha chain OS=Homo sapiens OX=9606 GN=HLA-C PE=1 SV=3",HLA-C,0.6533,0.000323233539266,Down,40.648,1.744115,1.635986,1.657488,1.034889,1.153203,1.102826
P11166,"Solute carrier family 2, facilitated glucose transporter member 1 OS=Homo sapiens OX=9606 GN=SLC2A1 PE=1 SV=2",SLC2A1,2.0025,9.1118448988829E-07,Up,54.083,0.597411,0.596631,0.616809,1.200341,1.196941,1.228935
P11169,"Solute carrier family 2, facilitated glucose transporter member 3 OS=Homo sapiens OX=9606 GN=SLC2A3 PE=1 SV=1",SLC2A3,1.5906,0.000224643381185,Up,53.924,0.402984,0.390754,0.385405,0.664681,0.619863,0.590946
P11388,DNA topoisomerase 2-alpha OS=Homo sapiens OX=9606 GN=TOP2A PE=1 SV=3,TOP2A,1.7369,0.000210604208473,Up,174.38,1.077329,1.021356,0.980167,1.900829,1.708645,1.738305
P11474,Steroid hormone receptor ERR1 OS=Homo sapiens OX=9606 GN=ESRRA PE=1 SV=3,ESRRA,0.4818,0.000493299127314,Down,45.509,1.547912,1.362672,1.479946,0.623416,0.737613,0.754419
P11802,Cyclin-dependent kinase 4 OS=Homo sapiens OX=9606 GN=CDK4 PE=1 SV=2,CDK4,0.3691,0.000735738236739,Down,33.729,0.996474,1.077334,0.899905,0.357512,,0.374146
P13051,Uracil-DNA glycosylase OS=Homo sapiens OX=9606 GN=UNG PE=1 SV=2,UNG,0.4461,0.000316007096082,Down,34.645,1.733977,1.634341,1.592995,0.694117,0.836642,0.682414
P13726,Tissue factor OS=Homo sapiens OX=9606 GN=F3 PE=1 SV=1,F3,1.7528,1.51454916302793E-05,Up,33.067,0.942332,0.897683,0.929294,1.653307,1.563706,1.637085
P13747,"HLA class I histocompatibility antigen, alpha chain E OS=Homo sapiens OX=9606 GN=HLA-E PE=1 SV=4",HLA-E,0.4997,0.00358952419736,Down,40.057,1.476789,1.458187,1.957937,0.891294,0.73076,0.822929
P14373,Zinc finger protein RFP OS=Homo sapiens OX=9606 GN=TRIM27 PE=1 SV=1,TRIM27,0.5698,0.029659051272392,Down,58.489,1.523191,1.269234,1.759399,0.950214,,0.778738
P14635,G2/mitotic-specific cyclin-B1 OS=Homo sapiens OX=9606 GN=CCNB1 PE=1 SV=1,CCNB1,1.844,0.00028562541225,Up,48.337,0.801245,0.823224,0.742389,1.495776,1.529215,1.339393
P15104,Glutamine synthetase OS=Homo sapiens OX=9606 GN=GLUL PE=1 SV=4,GLUL,0.3931,7.45991586330739E-06,Down,42.064,1.865404,1.894756,1.849865,0.768935,0.693311,0.743192
P15291,"Beta-1,4-galactosyltransferase 1 OS=Homo sapiens OX=9606 GN=B4GALT1 PE=1 SV=5",B4GALT1,0.5536,0.001678480391781,Down,43.92,1.448285,1.652692,1.52313,0.878157,0.93826,0.743704
P15735,"Phosphorylase b kinase gamma catalytic chain, liver/testis isoform OS=Homo sapiens OX=9606 GN=PHKG2 PE=1 SV=1",PHKG2,0.3912,0.003076239074615,Down,46.442,1.624773,,1.80037,,0.663965,0.67606
P17029,Zinc finger protein with KRAB and SCAN domains 1 OS=Homo sapiens OX=9606 GN=ZKSCAN1 PE=1 SV=3,ZKSCAN1,0.6351,0.014532756204577,Down,63.629,1.507717,1.259202,1.810312,0.984703,0.923884,0.998455
P17676,CCAAT/enhancer-binding protein beta OS=Homo sapiens OX=9606 GN=CEBPB PE=1 SV=2,CEBPB,0.6386,3.17462147180217E-05,Down,36.105,1.858096,1.822598,1.88097,1.140565,1.191813,1.219172
P17844,Probable ATP-dependent RNA helicase DDX5 OS=Homo sapiens OX=9606 GN=DDX5 PE=1 SV=1,DDX5,0.6605,3.18551191980382E-06,Down,69.147,1.312593,1.338477,1.343537,0.890586,0.865148,0.882738
P17900,Ganglioside GM2 activator OS=Homo sapiens OX=9606 GN=GM2A PE=1 SV=4,GM2A,0.4517,0.002433107678632,Down,20.838,1.362778,1.355689,1.294019,0.682608,0.471743,0.657961
P21709,Ephrin type-A receptor 1 OS=Homo sapiens OX=9606 GN=EPHA1 PE=1 SV=4,EPHA1,0.5629,0.000205774140057,Down,108.13,1.443648,1.528246,1.479674,0.818358,0.852291,
P23378,"Glycine dehydrogenase (decarboxylating), mitochondrial OS=Homo sapiens OX=9606 GN=GLDC PE=1 SV=2",GLDC,0.6462,0.000250072144761,Down,112.73,1.833633,1.704669,1.897685,1.174529,1.201095,1.136971
P23458,Tyrosine-protein kinase JAK1 OS=Homo sapiens OX=9606 GN=JAK1 PE=1 SV=2,JAK1,0.4885,0.012390555216366,Down,133.28,1.093113,1.598645,1.155262,0.777633,0.541803,0.559992
P24390,ER lumen protein-retaining receptor 1 OS=Homo sapiens OX=9606 GN=KDELR1 PE=1 SV=1,KDELR1,1.727,0.002817600065411,Up,24.542,,0.349811,0.402361,0.633742,0.680412,0.634386
P24592,Insulin-like growth factor-binding protein 6 OS=Homo sapiens OX=9606 GN=IGFBP6 PE=1 SV=1,IGFBP6,2.3895,0.010252696013875,Up,25.322,0.463387,0.712094,0.829375,1.884445,1.487594,1.418496
P27105,Erythrocyte band 7 integral membrane protein OS=Homo sapiens OX=9606 GN=STOM PE=1 SV=3,STOM,0.649,1.84230659574486E-05,Down,31.73,1.898468,1.864056,1.961833,1.233632,1.262552,1.219172
P29508,Serpin B3 OS=Homo sapiens OX=9606 GN=SERPINB3 PE=1 SV=2,SERPINB3,0.5228,1.42082486879252E-05,Down,44.564,1.343204,1.319934,1.372437,0.71912,0.71912,0.671379
P30536,Translocator protein OS=Homo sapiens OX=9606 GN=TSPO PE=1 SV=3,TSPO,2.1242,0.011821353792839,Up,18.828,0.53294,0.59216,,1.190311,1.403226,0.991337
P32004,Neural cell adhesion molecule L1 OS=Homo sapiens OX=9606 GN=L1CAM PE=1 SV=2,L1CAM,1.7035,0.009044378781882,Up,140,0.892758,0.750398,0.8125,1.383954,1.162275,1.636952
P32519,ETS-related transcription factor Elf-1 OS=Homo sapiens OX=9606 GN=ELF1 PE=1 SV=2,ELF1,0.4923,0.019968350641736,Down,67.497,1.115194,1.646568,2.032649,0.732431,0.772031,0.855599
P36639,"7,8-dihydro-8-oxoguanine triphosphatase OS=Homo sapiens OX=9606 GN=NUDT1 PE=1 SV=3",NUDT1,1.9033,0.043317824950627,Up,22.519,0.302783,0.408982,0.447919,0.884236,0.499941,0.823072
P38571,Lysosomal acid lipase/cholesteryl ester hydrolase OS=Homo sapiens OX=9606 GN=LIPA PE=1 SV=2,LIPA,0.5785,0.000461139940397,Down,45.418,0.816209,0.852976,0.779991,0.5059,0.43321,0.477797
P40306,Proteasome subunit beta type-10 OS=Homo sapiens OX=9606 GN=PSMB10 PE=1 SV=1,PSMB10,0.4419,2.09497518555671E-06,Down,28.936,1.406316,1.46709,1.468529,0.629962,0.657355,0.631373
P41134,DNA-binding protein inhibitor ID-1 OS=Homo sapiens OX=9606 GN=ID1 PE=1 SV=3,ID1,0.5991,0.008675880206367,Down,16.132,1.407983,1.272563,1.181067,,0.718238,0.824109
P41229,Lysine-specific demethylase 5C OS=Homo sapiens OX=9606 GN=KDM5C PE=1 SV=2,KDM5C,0.3629,0.028410153264985,Down,175.72,1.777472,1.387019,0.761137,0.50898,0.564899,0.350656
P42575,Caspase-2 OS=Homo sapiens OX=9606 GN=CASP2 PE=1 SV=2,CASP2,0.4117,0.003025719685443,Down,50.685,1.536378,1.472833,1.533898,,0.70627,0.540802
P43353,Aldehyde dehydrogenase family 3 member B1 OS=Homo sapiens OX=9606 GN=ALDH3B1 PE=1 SV=1,ALDH3B1,0.5252,2.11506168595288E-05,Down,51.839,2.288157,2.34715,2.335037,1.215946,1.165522,1.279291
P46013,Proliferation marker protein Ki-67 OS=Homo sapiens OX=9606 GN=MKI67 PE=1 SV=2,MKI67,2.092,0.01056676007637,Up,358.69,0.702392,0.912917,0.830226,1.318962,2.143261,1.653729
P46100,Transcriptional regulator ATRX OS=Homo sapiens OX=9606 GN=ATRX PE=1 SV=5,ATRX,0.5721,0.000395643240035,Down,282.58,1.408852,1.316679,1.468423,0.769556,0.765053,0.864941
P48594,Serpin B4 OS=Homo sapiens OX=9606 GN=SERPINB4 PE=1 SV=2,SERPINB4,0.4288,0.000148842260771,Down,44.853,1.663682,1.603804,1.74054,0.75071,0.638662,0.758194
P48723,Heat shock 70 kDa protein 13 OS=Homo sapiens OX=9606 GN=HSPA13 PE=1 SV=1,HSPA13,1.9577,0.000703751114481,Up,51.927,0.483452,0.443664,0.447635,0.870165,1.011169,0.809984
P49759,Dual specificity protein kinase CLK1 OS=Homo sapiens OX=9606 GN=CLK1 PE=1 SV=2,CLK1,2.0928,0.002657113607266,Up,57.29,0.565493,0.747375,0.63233,1.538301,1.181627,1.350922
P50225,Sulfotransferase 1A1 OS=Homo sapiens OX=9606 GN=SULT1A1 PE=1 SV=3,SULT1A1,0.5413,0.005746753364673,Down,34.165,1.126244,1.090873,1.189378,0.712125,0.644387,0.487529
P50895,Basal cell adhesion molecule OS=Homo sapiens OX=9606 GN=BCAM PE=1 SV=2,BCAM,0.6195,0.00030688977971,Down,67.404,2.34345,2.151805,2.291095,1.331896,1.385956,1.486527
P51688,N-sulphoglucosamine sulphohydrolase OS=Homo sapiens OX=9606 GN=SGSH PE=1 SV=1,SGSH,0.6329,0.004517689097259,Down,56.695,0.627718,0.541446,0.611905,0.353325,0.426356,0.347514
P51790,H(+)/Cl(-) exchange transporter 3 OS=Homo sapiens OX=9606 GN=CLCN3 PE=1 SV=2,CLCN3,0.6641,0.020614543014935,Down,90.965,1.379303,1.178524,1.331493,,0.939086,0.782761
P52732,Kinesin-like protein KIF11 OS=Homo sapiens OX=9606 GN=KIF11 PE=1 SV=2,KIF11,1.6582,0.001034444952567,Up,119.16,0.851247,0.788143,0.844411,1.368425,1.247638,1.502666
P52823,Stanniocalcin-1 OS=Homo sapiens OX=9606 GN=STC1 PE=1 SV=1,STC1,2.6429,0.00232908089162,Up,27.621,,0.422526,0.373041,0.993494,1.198511,0.961952
P55317,Hepatocyte nuclear factor 3-alpha OS=Homo sapiens OX=9606 GN=FOXA1 PE=1 SV=2,FOXA1,0.5155,0.028007359363556,Down,49.147,1.465527,1.006711,1.259764,0.568676,,0.713821
P62745,Rho-related GTP-binding protein RhoB OS=Homo sapiens OX=9606 GN=RHOB PE=1 SV=1,RHOB,2.1467,0.000151387280818,Up,22.123,0.741315,0.685673,0.624102,1.506606,1.494746,1.401825
P63162,Small nuclear ribonucleoprotein-associated protein N OS=Homo sapiens OX=9606 GN=SNRPN PE=1 SV=1,SNRPN,2.3972,0.018572178816425,Up,24.614,0.907817,0.731216,0.43032,1.406647,1.90093,1.653031
P78539,Sushi repeat-containing protein SRPX OS=Homo sapiens OX=9606 GN=SRPX PE=1 SV=1,SRPX,0.6353,0.000656964922098,Down,51.571,0.601414,0.574716,0.628393,0.361149,0.373142,0.412117
P98179,RNA-binding protein 3 OS=Homo sapiens OX=9606 GN=RBM3 PE=1 SV=1,RBM3,0.5187,0.000764656602039,Down,17.17,0.731051,0.798242,0.71148,0.352868,0.435104,0.374279
Q00613,Heat shock factor protein 1 OS=Homo sapiens OX=9606 GN=HSF1 PE=1 SV=1,HSF1,0.5519,0.019561326635819,Down,57.26,1.055678,0.985086,1.195957,0.69611,0.660056,0.430288
Q01628,Interferon-induced transmembrane protein 3 OS=Homo sapiens OX=9606 GN=IFITM3 PE=1 SV=2,IFITM3,0.6198,0.009978182387635,Down,14.632,1.549898,1.890947,1.642121,0.894662,1.206756,1.048793
Q03169,Tumor necrosis factor alpha-induced protein 2 OS=Homo sapiens OX=9606 GN=TNFAIP2 PE=1 SV=2,TNFAIP2,0.5772,3.66712364559828E-05,Down,72.66,2.019613,2.119687,1.9816,1.138606,1.214792,1.179629
Q04726,Transducin-like enhancer protein 3 OS=Homo sapiens OX=9606 GN=TLE3 PE=1 SV=2,TLE3,0.6085,0.002372215156623,Down,83.416,1.289694,1.146806,1.204217,0.749911,0.652141,0.813235
Q06330,Recombining binding protein suppressor of hairless OS=Homo sapiens OX=9606 GN=RBPJ PE=1 SV=3,RBPJ,1.5518,0.006346233084546,Up,55.637,0.746756,0.911215,0.706205,1.278957,1.140907,1.2488
Q06828,Fibromodulin OS=Homo sapiens OX=9606 GN=FMOD PE=1 SV=2,FMOD,0.3441,0.000130717601293,Down,43.178,1.693718,1.726614,1.666166,0.508899,0.586386,0.655113
Q08174,Protocadherin-1 OS=Homo sapiens OX=9606 GN=PCDH1 PE=1 SV=2,PCDH1,0.6459,0.000232357460674,Down,114.74,1.902681,1.70799,1.848271,1.156704,1.163401,1.205813
Q08345,Epithelial discoidin domain-containing receptor 1 OS=Homo sapiens OX=9606 GN=DDR1 PE=1 SV=1,DDR1,0.5616,5.26154590891606E-05,Down,101.13,1.400057,1.417456,1.487541,0.84077,0.807263,0.769517
Q08380,Galectin-3-binding protein OS=Homo sapiens OX=9606 GN=LGALS3BP PE=1 SV=1,LGALS3BP,0.4608,5.47107657772482E-07,Down,65.33,2.18147,2.215797,2.189761,1.029791,1.018301,0.987218
Q08431,Lactadherin OS=Homo sapiens OX=9606 GN=MFGE8 PE=1 SV=3,MFGE8,0.4585,0.001861214190867,Down,43.104,0.663995,0.825946,0.606467,0.355128,0.304715,0.301372
Q08AF3,Schlafen family member 5 OS=Homo sapiens OX=9606 GN=SLFN5 PE=1 SV=1,SLFN5,0.6578,0.013061709698318,Down,101.05,1.172344,1.086099,1.143351,0.738144,0.875774,0.623871
Q12849,G-rich sequence factor 1 OS=Homo sapiens OX=9606 GN=GRSF1 PE=1 SV=3,GRSF1,0.6323,0.000147501652677,Down,53.126,1.780666,1.60349,1.63293,1.06272,1.051686,1.05789
Q12884,Prolyl endopeptidase FAP OS=Homo sapiens OX=9606 GN=FAP PE=1 SV=5,FAP,0.6491,0.00565268053357,Down,87.711,0.900663,0.80374,0.908235,0.542476,0.644099,0.509164
Q12955,Ankyrin-3 OS=Homo sapiens OX=9606 GN=ANK3 PE=1 SV=3,ANK3,0.6385,0.021204951153177,Down,480.4,2.537798,1.845725,1.970438,1.384619,1.497878,1.174619
Q13214,Semaphorin-3B OS=Homo sapiens OX=9606 GN=SEMA3B PE=1 SV=1,SEMA3B,1.5001,0.02060126628387,Up,83.121,0.846157,1.165815,0.890598,1.433844,1.585708,1.334508
Q13232,Nucleoside diphosphate kinase 3 OS=Homo sapiens OX=9606 GN=NME3 PE=1 SV=2,NME3,0.6146,8.31830301331613E-05,Down,19.015,0.916809,0.938073,0.862731,0.563854,0.56764,0.538818
Q13315,Serine-protein kinase ATM OS=Homo sapiens OX=9606 GN=ATM PE=1 SV=4,ATM,0.5555,0.000297101022587,Down,350.68,1.11673,1.130214,1.104296,0.67756,0.57093,0.613196
Q13393,Phospholipase D1 OS=Homo sapiens OX=9606 GN=PLD1 PE=1 SV=1,PLD1,0.4515,0.022986783519941,Down,124.18,0.7828,0.388086,0.526849,0.281264,0.230939,0.254327
Q13421,Mesothelin OS=Homo sapiens OX=9606 GN=MSLN PE=1 SV=2,MSLN,0.4517,0.000308697270028,Down,68.985,1.88853,2.062724,2.154489,0.848644,1.022401,0.88683
Q13671,Ras and Rab interactor 1 OS=Homo sapiens OX=9606 GN=RIN1 PE=1 SV=4,RIN1,0.5466,0.000290973083308,Down,84.098,1.491331,1.339042,1.548125,0.839736,0.770252,0.783201
Q13751,Laminin subunit beta-3 OS=Homo sapiens OX=9606 GN=LAMB3 PE=1 SV=1,LAMB3,1.663,5.84326590681666E-05,Up,129.57,1.094982,1.090406,1.143155,1.756817,1.889854,1.888588
Q13753,Laminin subunit gamma-2 OS=Homo sapiens OX=9606 GN=LAMC2 PE=1 SV=2,LAMC2,1.7691,0.015677813270003,Up,130.97,1.026167,0.961623,1.222537,1.861372,1.520095,2.297897
Q13887,Krueppel-like factor 5 OS=Homo sapiens OX=9606 GN=KLF5 PE=1 SV=2,KLF5,0.3466,0.000296452566095,Down,50.791,1.795572,1.897473,1.554137,0.676565,0.535596,0.606515
Q14118,Dystroglycan OS=Homo sapiens OX=9606 GN=DAG1 PE=1 SV=2,DAG1,0.6332,0.000489946818422,Down,97.44,1.150373,1.207119,1.188568,0.691108,0.797906,0.756254
Q14145,Kelch-like ECH-associated protein 1 OS=Homo sapiens OX=9606 GN=KEAP1 PE=1 SV=2,KEAP1,0.4035,0.000297625708318,Down,69.666,2.178682,2.16707,1.955239,0.936757,0.740816,0.864913
Q14149,MORC family CW-type zinc finger protein 3 OS=Homo sapiens OX=9606 GN=MORC3 PE=1 SV=3,MORC3,0.6186,0.035226557205401,Down,107.11,1.52684,1.833091,2.357193,0.993577,1.253366,1.289454
Q14186,Transcription factor Dp-1 OS=Homo sapiens OX=9606 GN=TFDP1 PE=1 SV=1,TFDP1,0.5594,0.022228012180932,Down,45.07,1.690839,1.312325,1.502709,0.943058,0.613549,0.964192
Q14240,Eukaryotic initiation factor 4A-II OS=Homo sapiens OX=9606 GN=EIF4A2 PE=1 SV=2,EIF4A2,0.644,0.000538106454882,Down,46.402,1.040263,1.057646,1.063648,0.666162,0.735141,0.634813
Q14517,Protocadherin Fat 1 OS=Homo sapiens OX=9606 GN=FAT1 PE=1 SV=2,FAT1,0.6271,3.97478650260808E-05,Down,506.27,1.580595,1.513786,1.565954,0.936681,0.98608,0.999799
Q14527,Helicase-like transcription factor OS=Homo sapiens OX=9606 GN=HLTF PE=1 SV=2,HLTF,0.4511,0.000641741384176,Down,113.93,1.908404,1.999748,1.989624,0.912657,0.993956,0.753939
Q14592,Zinc finger protein 460 OS=Homo sapiens OX=9606 GN=ZNF460 PE=1 SV=2,ZNF460,0.5602,0.005876594804074,Down,63.664,1.634046,1.427885,1.409779,0.876711,0.682022,0.946304
Q14739,Delta(14)-sterol reductase LBR OS=Homo sapiens OX=9606 GN=LBR PE=1 SV=2,LBR,1.5145,0.0038884696852,Up,70.702,0.911268,0.99479,0.797589,1.418366,1.382112,1.294263
Q14802,FXYD domain-containing ion transport regulator 3 OS=Homo sapiens OX=9606 GN=FXYD3 PE=1 SV=1,FXYD3,0.2021,0.006062483363323,Down,9.2628,1.280346,2.220286,2.392243,0.269658,0.588308,0.33302
Q14807,Kinesin-like protein KIF22 OS=Homo sapiens OX=9606 GN=KIF22 PE=1 SV=5,KIF22,1.7242,0.001769687415734,Up,73.261,0.707721,0.581363,0.688264,1.051634,1.209816,1.147919
Q14999,Cullin-7 OS=Homo sapiens OX=9606 GN=CUL7 PE=1 SV=2,CUL7,0.5034,0.001912027218758,Down,191.16,1.926412,2.425253,1.898069,1.081165,1.117548,0.947561
Q15223,Nectin-1 OS=Homo sapiens OX=9606 GN=NECTIN1 PE=1 SV=3,NECTIN1,0.4353,0.021609061673658,Down,57.157,2.249987,2.64569,2.428079,1.19556,0.63316,1.359142
Q15262,Receptor-type tyrosine-protein phosphatase kappa OS=Homo sapiens OX=9606 GN=PTPRK PE=1 SV=2,PTPRK,0.4991,0.022475720298144,Down,162.1,1.746637,1.797119,1.417517,1.152407,0.636453,0.687291
Q15345,Leucine-rich repeat-containing protein 41 OS=Homo sapiens OX=9606 GN=LRRC41 PE=1 SV=3,LRRC41,0.5451,0.003803094340932,Down,88.649,1.556232,2.01449,2.101494,1.062693,1.064398,0.965094
Q15392,Delta(24)-sterol reductase OS=Homo sapiens OX=9606 GN=DHCR24 PE=1 SV=2,DHCR24,0.5483,0.00184517898889,Down,60.101,2.215816,2.386494,2.217989,1.408168,1.258731,1.072394
Q15910,Histone-lysine N-methyltransferase EZH2 OS=Homo sapiens OX=9606 GN=EZH2 PE=1 SV=2,EZH2,2.1961,0.009067032956059,Up,85.362,0.65006,0.573241,,,1.287094,1.399445
Q16610,Extracellular matrix protein 1 OS=Homo sapiens OX=9606 GN=ECM1 PE=1 SV=2,ECM1,2.5456,0.004910236540049,Up,60.673,0.392057,0.535893,0.684599,1.22547,1.424024,1.455425
Q16651,Prostasin OS=Homo sapiens OX=9606 GN=PRSS8 PE=1 SV=1,PRSS8,2.0774,0.00730081009322,Up,36.431,0.723314,0.717871,0.759337,1.190997,1.930277,1.449992
Q16850,Lanosterol 14-alpha demethylase OS=Homo sapiens OX=9606 GN=CYP51A1 PE=1 SV=3,CYP51A1,0.5073,1.44390957522591E-06,Down,56.805,1.985988,1.97632,2.012575,1.034403,1.011157,0.985352
Q2KHR3,Glutamine and serine-rich protein 1 OS=Homo sapiens OX=9606 GN=QSER1 PE=1 SV=3,QSER1,0.5558,0.014057242880591,Down,189.97,1.31253,1.605236,1.323428,0.752115,0.628581,0.976567
Q3MHD2,Protein LSM12 homolog OS=Homo sapiens OX=9606 GN=LSM12 PE=1 SV=2,LSM12,1.5691,0.024747945232896,Up,21.701,0.760408,0.870979,0.59782,1.082681,1.334608,1.080661
Q3ZCM7,Tubulin beta-8 chain OS=Homo sapiens OX=9606 GN=TUBB8 PE=1 SV=2,TUBB8,1.5017,0.000176487979749,Up,49.775,0.684559,0.634442,0.627462,0.999589,0.962381,0.960965
Q4G176,"Malonate--CoA ligase ACSF3, mitochondrial OS=Homo sapiens OX=9606 GN=ACSF3 PE=1 SV=3",ACSF3,0.6028,0.005108038553139,Down,64.129,0.988262,0.97103,0.927859,0.622692,0.480552,0.637017
Q4U2R6,"39S ribosomal protein L51, mitochondrial OS=Homo sapiens OX=9606 GN=MRPL51 PE=1 SV=1",MRPL51,0.6393,0.00257490334615,Down,15.095,1.250132,1.322607,1.528641,0.924354,0.8477,0.849945
Q53EP0,Fibronectin type III domain-containing protein 3B OS=Homo sapiens OX=9606 GN=FNDC3B PE=1 SV=2,FNDC3B,0.6226,0.013340651754116,Down,132.89,0.209418,0.272356,0.258551,0.154654,0.173586,0.132653
Q5HYI8,Rab-like protein 3 OS=Homo sapiens OX=9606 GN=RABL3 PE=1 SV=1,RABL3,1.6563,0.005555197822376,Up,26.422,0.985289,0.814545,1.041768,1.406164,1.701063,1.599285
Q5JSZ5,Protein PRRC2B OS=Homo sapiens OX=9606 GN=PRRC2B PE=1 SV=2,PRRC2B,1.7135,0.012666538783796,Up,242.96,0.672817,0.778559,0.654811,1.135191,1.466373,1.007447
Q5T2T1,MAGUK p55 subfamily member 7 OS=Homo sapiens OX=9606 GN=MPP7 PE=1 SV=1,MPP7,0.6545,0.000500790741324,Down,65.523,1.433265,1.458578,1.330662,0.973618,0.911199,0.878634
Q5T3J3,Ligand-dependent nuclear receptor-interacting factor 1 OS=Homo sapiens OX=9606 GN=LRIF1 PE=1 SV=1,LRIF1,0.6347,0.001871930595096,Down,84.567,1.247822,1.189116,1.244418,0.858485,0.695864,0.782274
Q5T5P2,Sickle tail protein homolog OS=Homo sapiens OX=9606 GN=KIAA1217 PE=1 SV=2,KIAA1217,0.6325,0.00620754509209,Down,214.11,2.109573,2.078645,1.636,1.200835,1.286999,1.195883
Q5TAQ9,DDB1- and CUL4-associated factor 8 OS=Homo sapiens OX=9606 GN=DCAF8 PE=1 SV=1,DCAF8,0.6646,0.001234324531329,Down,66.851,1.272821,1.468676,1.265554,0.89707,0.868615,0.897205
Q5TH69,Brefeldin A-inhibited guanine nucleotide-exchange protein 3 OS=Homo sapiens OX=9606 GN=ARFGEF3 PE=1 SV=3,ARFGEF3,0.5282,0.033495778335265,Down,240.65,2.406442,1.608978,2.979201,1.109746,1.387269,1.197693
Q5VV42,Threonylcarbamoyladenosine tRNA methylthiotransferase OS=Homo sapiens OX=9606 GN=CDKAL1 PE=1 SV=1,CDKAL1,0.6212,0.015766222370006,Down,65.111,1.097091,1.257654,1.413701,,0.789469,0.771224
Q5VYS8,Terminal uridylyltransferase 7 OS=Homo sapiens OX=9606 GN=TUT7 PE=1 SV=1,TUT7,0.4811,0.00986992966415,Down,171.23,2.426975,1.643168,2.300009,1.018439,0.848768,1.197227
Q5VZL5,Zinc finger MYM-type protein 4 OS=Homo sapiens OX=9606 GN=ZMYM4 PE=1 SV=1,ZMYM4,0.4696,0.000262123098491,Down,172.79,1.798163,1.503769,1.757359,0.751191,0.811217,0.813529
Q5XKP0,MICOS complex subunit MIC13 OS=Homo sapiens OX=9606 GN=MICOS13 PE=1 SV=1,MICOS13,3.3464,0.002169280960568,Up,13.087,0.464293,0.451349,,1.397371,1.828707,1.37012
Q60I27,ALS2 C-terminal-like protein OS=Homo sapiens OX=9606 GN=ALS2CL PE=1 SV=1,ALS2CL,0.449,0.023205536401555,Down,107.75,1.62602,1.753034,1.529447,0.819123,0.440478,0.944447
Q658P3,Metalloreductase STEAP3 OS=Homo sapiens OX=9606 GN=STEAP3 PE=1 SV=2,STEAP3,0.6213,2.98616173181708E-05,Down,54.6,1.237885,1.319357,1.311231,0.786849,0.802929,0.813891
Q66LE6,Serine/threonine-protein phosphatase 2A 55 kDa regulatory subunit B delta isoform OS=Homo sapiens OX=9606 GN=PPP2R2D PE=1 SV=1,PPP2R2D,0.5771,0.004133198953205,Down,52.042,1.024379,0.933895,1.018134,,0.528432,0.616745
Q68E01,Integrator complex subunit 3 OS=Homo sapiens OX=9606 GN=INTS3 PE=1 SV=1,INTS3,0.6523,1.98637992956468E-05,Down,118.07,1.422259,1.44076,1.44969,0.940357,0.964447,0.908236
Q6IQ49,Replication stress response regulator SDE2 OS=Homo sapiens OX=9606 GN=SDE2 PE=1 SV=1,SDE2,0.4579,0.043258367951118,Down,49.741,1.666938,1.450037,1.340184,0.7672,0.912203,0.361638
Q6ISB3,Grainyhead-like protein 2 homolog OS=Homo sapiens OX=9606 GN=GRHL2 PE=1 SV=1,GRHL2,0.6644,0.046827240495929,Down,71.104,1.372305,1.049388,1.3506,0.65379,0.955187,0.897289
Q6JQN1,Acyl-CoA dehydrogenase family member 10 OS=Homo sapiens OX=9606 GN=ACAD10 PE=1 SV=1,ACAD10,0.5975,0.020797597353699,Down,118.83,0.639048,0.756876,0.746788,0.373961,,0.479482
Q6P179,Endoplasmic reticulum aminopeptidase 2 OS=Homo sapiens OX=9606 GN=ERAP2 PE=1 SV=2,ERAP2,0.5431,0.000583276057823,Down,110.46,1.928159,1.94223,1.624276,0.96262,0.994278,1.027062
Q6P4E1,Protein CASC4 OS=Homo sapiens OX=9606 GN=CASC4 PE=1 SV=2,CASC4,0.5668,0.000678649181473,Down,49.497,1.956451,1.819392,1.957572,1.093866,0.976643,1.178929
Q6P996,Pyridoxal-dependent decarboxylase domain-containing protein 1 OS=Homo sapiens OX=9606 GN=PDXDC1 PE=1 SV=2,PDXDC1,0.6538,0.000316307042435,Down,86.706,1.654816,1.603346,1.684968,1.02066,1.145782,1.065504
Q6PCB8,Embigin OS=Homo sapiens OX=9606 GN=EMB PE=1 SV=1,EMB,0.6143,0.03366459725219,Down,36.881,1.64266,1.442545,1.694509,1.261464,0.928358,0.746242
Q6PI78,Transmembrane protein 65 OS=Homo sapiens OX=9606 GN=TMEM65 PE=1 SV=2,TMEM65,0.6061,0.035905900655289,Down,25.498,1.273343,0.860919,1.418318,0.718713,0.752014,0.682649
Q6PJG6,BRCA1-associated ATM activator 1 OS=Homo sapiens OX=9606 GN=BRAT1 PE=1 SV=2,BRAT1,0.3216,0.000122444369447,Down,88.118,2.025572,1.836165,1.865665,0.604284,0.694097,0.543409
Q6PK18,2-oxoglutarate and iron-dependent oxygenase domain-containing protein 3 OS=Homo sapiens OX=9606 GN=OGFOD3 PE=1 SV=2,OGFOD3,0.5719,0.020615300593324,Down,35.646,,1.170587,1.374134,0.71895,,0.736329
Q6PL18,ATPase family AAA domain-containing protein 2 OS=Homo sapiens OX=9606 GN=ATAD2 PE=1 SV=1,ATAD2,0.5641,0.00673945769914,Down,158.55,2.462723,1.692708,2.071805,1.197074,1.157859,1.157774
Q6VMQ6,Activating transcription factor 7-interacting protein 1 OS=Homo sapiens OX=9606 GN=ATF7IP PE=1 SV=3,ATF7IP,0.6664,0.032586477393461,Down,136.39,1.641612,1.699852,1.446612,0.974457,0.889779,1.326422
Q6ZMP0,Thrombospondin type-1 domain-containing protein 4 OS=Homo sapiens OX=9606 GN=THSD4 PE=2 SV=2,THSD4,0.5631,0.022794043817951,Down,112.45,0.505429,0.665957,0.701993,0.298342,0.312869,0.443656
Q6ZNB6,NF-X1-type zinc finger protein NFXL1 OS=Homo sapiens OX=9606 GN=NFXL1 PE=1 SV=2,NFXL1,0.1496,0.002808595259966,Down,101.34,2.865992,2.709951,2.857278,0.276588,0.700078,0.28515
Q6ZT12,E3 ubiquitin-protein ligase UBR3 OS=Homo sapiens OX=9606 GN=UBR3 PE=2 SV=2,UBR3,0.591,0.006017399434426,Down,212.43,1.305702,1.160373,1.487223,0.833963,0.825544,0.676696
Q6ZWT7,Lysophospholipid acyltransferase 2 OS=Homo sapiens OX=9606 GN=MBOAT2 PE=2 SV=2,MBOAT2,1.5494,0.006250337496824,Up,59.526,0.830644,0.817511,0.805016,1.116384,1.470201,1.214251
Q7Z5L9,Interferon regulatory factor 2-binding protein 2 OS=Homo sapiens OX=9606 GN=IRF2BP2 PE=1 SV=2,IRF2BP2,0.6353,2.65428885225122E-05,Down,61.024,1.436139,1.4582,1.512064,0.956415,0.910419,0.932424
Q7Z7K0,COX assembly mitochondrial protein homolog OS=Homo sapiens OX=9606 GN=CMC1 PE=1 SV=1,CMC1,0.5384,0.010299728318225,Down,12.49,0.624486,0.559734,,0.308681,,0.32886
Q86UU0,B-cell CLL/lymphoma 9-like protein OS=Homo sapiens OX=9606 GN=BCL9L PE=1 SV=1,BCL9L,0.286,0.012485869745988,Down,157.13,2.651684,1.636391,2.235269,0.976382,0.483292,0.406264
Q86V21,Acetoacetyl-CoA synthetase OS=Homo sapiens OX=9606 GN=AACS PE=1 SV=1,AACS,0.6072,0.000948056570254,Down,75.143,1.086475,1.035566,1.127816,0.722645,0.605317,0.645365
Q86WG5,Myotubularin-related protein 13 OS=Homo sapiens OX=9606 GN=SBF2 PE=1 SV=1,SBF2,0.6478,0.027372555791818,Down,208.46,1.545527,1.288102,1.678213,1.176331,0.912384,0.834196
Q86Y39,NADH dehydrogenase [ubiquinone] 1 alpha subcomplex subunit 11 OS=Homo sapiens OX=9606 GN=NDUFA11 PE=1 SV=3,NDUFA11,1.5058,0.001342528455094,Up,14.852,0.69512,0.627036,0.593706,0.935218,0.94403,1.00571
Q86Y79,Probable peptidyl-tRNA hydrolase OS=Homo sapiens OX=9606 GN=PTRH1 PE=1 SV=1,PTRH1,0.2717,0.000242944651001,Down,22.936,2.007924,1.88238,2.10436,0.481335,0.490258,0.656985
Q86YS6,Ras-related protein Rab-43 OS=Homo sapiens OX=9606 GN=RAB43 PE=1 SV=1,RAB43,1.5376,0.045002114996924,Up,23.339,0.926971,0.736094,0.548584,1.221952,1.102598,1.076153
Q8IV38,Ankyrin repeat and MYND domain-containing protein 2 OS=Homo sapiens OX=9606 GN=ANKMY2 PE=1 SV=1,ANKMY2,1.5824,0.027511849384399,Up,49.298,0.921106,0.574442,0.705896,1.110001,1.237066,1.136592
Q8IVL5,Prolyl 3-hydroxylase 2 OS=Homo sapiens OX=9606 GN=P3H2 PE=1 SV=1,P3H2,1.6021,0.000657190947861,Up,80.984,0.817303,0.917916,0.953057,1.428854,1.48094,1.397061
Q8IX03,Protein KIBRA OS=Homo sapiens OX=9606 GN=WWC1 PE=1 SV=1,WWC1,0.5433,0.000882865283076,Down,125.3,1.716821,1.529563,1.840878,0.983324,0.850949,0.92942
Q8IXL6,Extracellular serine/threonine protein kinase FAM20C OS=Homo sapiens OX=9606 GN=FAM20C PE=1 SV=2,FAM20C,0.4108,0.010919230842116,Down,66.234,1.722398,1.212465,1.531475,0.544688,0.678624,
Q8IXU6,Solute carrier family 35 member F2 OS=Homo sapiens OX=9606 GN=SLC35F2 PE=1 SV=1,SLC35F2,1.563,0.000486818281184,Up,41.211,0.889069,0.865455,0.925611,1.41513,,1.377572
Q8IY57,YY1-associated factor 2 OS=Homo sapiens OX=9606 GN=YAF2 PE=1 SV=3,YAF2,1.5526,0.024712779922864,Up,19.901,0.928663,0.883141,0.736495,1.070176,1.499692,1.386616
Q8IYM9,E3 ubiquitin-protein ligase TRIM22 OS=Homo sapiens OX=9606 GN=TRIM22 PE=1 SV=1,TRIM22,0.4084,0.000195565197222,Down,56.947,1.628906,1.932174,1.821713,0.772729,0.758721,0.666714
Q8IZA0,Dyslexia-associated protein KIAA0319-like protein OS=Homo sapiens OX=9606 GN=KIAA0319L PE=1 SV=2,KIAA0319L,0.6624,0.021849458878966,Down,115.66,1.098944,,1.150838,0.854523,0.675182,0.705654
Q8IZW8,Tensin-4 OS=Homo sapiens OX=9606 GN=TNS4 PE=1 SV=3,TNS4,0.3175,1.46606841538639E-06,Down,76.763,1.964228,1.82251,1.939888,0.602387,0.596916,0.618623
Q8N142,Adenylosuccinate synthetase isozyme 1 OS=Homo sapiens OX=9606 GN=ADSS1 PE=1 SV=1,ADSS1,0.5084,0.00178116434704,Down,50.208,0.559886,0.530768,0.583974,0.245893,0.332254,0.27327
Q8N271,Prominin-2 OS=Homo sapiens OX=9606 GN=PROM2 PE=1 SV=1,PROM2,0.4285,4.37911712629591E-05,Down,91.882,1.575506,1.695441,1.781768,0.709425,0.696647,0.758925
Q8N4X5,Actin filament-associated protein 1-like 2 OS=Homo sapiens OX=9606 GN=AFAP1L2 PE=1 SV=1,AFAP1L2,1.5929,5.13890380490663E-05,Up,91.299,1.18494,1.191336,1.197732,1.993113,1.838904,1.861074
Q8NBJ4,Golgi membrane protein 1 OS=Homo sapiens OX=9606 GN=GOLM1 PE=1 SV=1,GOLM1,0.5614,0.000203341453238,Down,45.333,1.947581,1.85316,1.918247,1.127554,1.099932,0.983322
Q8NBM8,Prenylcysteine oxidase-like OS=Homo sapiens OX=9606 GN=PCYOX1L PE=1 SV=2,PCYOX1L,0.622,0.001357122853866,Down,54.646,0.688329,0.648358,0.702042,0.470282,0.402478,0.395431
Q8NC42,E3 ubiquitin-protein ligase RNF149 OS=Homo sapiens OX=9606 GN=RNF149 PE=2 SV=2,RNF149,0.5388,0.027836435502629,Down,43.164,1.480621,1.678217,1.581433,,0.680061,1.022676
Q8NC60,Nitric oxide-associated protein 1 OS=Homo sapiens OX=9606 GN=NOA1 PE=1 SV=2,NOA1,0.3762,0.00661290313653,Down,78.457,1.961349,1.53817,2.064279,0.619027,,0.776335
Q8NEY8,Periphilin-1 OS=Homo sapiens OX=9606 GN=PPHLN1 PE=1 SV=2,PPHLN1,0.6527,0.012034474514995,Down,52.736,1.720189,1.277533,1.562201,1.05856,0.996368,0.921118
Q8NI22,Multiple coagulation factor deficiency protein 2 OS=Homo sapiens OX=9606 GN=MCFD2 PE=1 SV=1,MCFD2,0.4784,0.001156597832775,Down,16.39,1.123512,1.175954,1.297157,0.631543,0.600765,0.488247
Q8NI60,"Atypical kinase COQ8A, mitochondrial OS=Homo sapiens OX=9606 GN=COQ8A PE=1 SV=1",COQ8A,0.2786,0.000299159557657,Down,71.949,1.793567,1.900807,1.703618,0.606641,0.470766,0.426612
Q8TB37,Iron-sulfur protein NUBPL OS=Homo sapiens OX=9606 GN=NUBPL PE=1 SV=3,NUBPL,0.6183,0.004705184237702,Down,34.082,1.756889,1.761911,1.397416,1.053306,0.947687,1.03883
Q8TDB6,E3 ubiquitin-protein ligase DTX3L OS=Homo sapiens OX=9606 GN=DTX3L PE=1 SV=1,DTX3L,0.5667,0.000112450429454,Down,83.553,1.494918,1.441601,1.508564,0.891239,0.789313,0.838663
Q8WTV0,Scavenger receptor class B member 1 OS=Homo sapiens OX=9606 GN=SCARB1 PE=1 SV=1,SCARB1,0.5402,0.04239870539415,Down,60.877,1.475498,2.597373,1.525083,0.871955,1.005028,1.146985
Q8WU10,Pyridine nucleotide-disulfide oxidoreductase domain-containing protein 1 OS=Homo sapiens OX=9606 GN=PYROXD1 PE=1 SV=1,PYROXD1,1.7217,0.011081136889141,Up,55.792,0.47717,0.374437,0.395662,0.737545,0.694103,
Q8WWH5,Probable tRNA pseudouridine synthase 1 OS=Homo sapiens OX=9606 GN=TRUB1 PE=1 SV=1,TRUB1,0.5067,0.000203052439049,Down,37.252,1.517836,1.547059,1.632647,0.778877,0.865782,0.735552
Q8WXA3,RUN and FYVE domain-containing protein 2 OS=Homo sapiens OX=9606 GN=RUFY2 PE=1 SV=3,RUFY2,0.6315,0.038055122738588,Down,70.009,,1.297937,1.655568,0.854663,1.068312,0.874527
Q8WXI7,Mucin-16 OS=Homo sapiens OX=9606 GN=MUC16 PE=1 SV=3,MUC16,0.6228,0.005135083889819,Down,1519.2,1.284615,1.551134,1.412322,0.931697,0.944077,0.769931
Q92604,Acyl-CoA:lysophosphatidylglycerol acyltransferase 1 OS=Homo sapiens OX=9606 GN=LPGAT1 PE=1 SV=1,LPGAT1,1.6132,0.011174100617799,Up,43.089,0.86024,1.071599,0.902281,1.281569,1.633974,1.65655
Q92793,CREB-binding protein OS=Homo sapiens OX=9606 GN=CREBBP PE=1 SV=3,CREBBP,0.5407,0.003327692762877,Down,265.35,1.377597,1.23611,1.537289,0.8566,0.660577,0.727234
Q92805,Golgin subfamily A member 1 OS=Homo sapiens OX=9606 GN=GOLGA1 PE=1 SV=3,GOLGA1,0.5982,0.011258583185446,Down,88.183,1.757806,1.472303,1.47942,0.999594,1.056671,0.761111
Q92896,Golgi apparatus protein 1 OS=Homo sapiens OX=9606 GN=GLG1 PE=1 SV=2,GLG1,0.6609,2.06091088232075E-07,Down,134.55,1.292421,1.301334,1.313067,0.859527,0.866014,0.856424
Q969E4,Transcription elongation factor A protein-like 3 OS=Homo sapiens OX=9606 GN=TCEAL3 PE=1 SV=1,TCEAL3,0.5249,0.03666930324357,Down,22.502,0.3512,0.414199,0.254401,0.140921,0.234958,0.159436
Q969F9,Hermansky-Pudlak syndrome 3 protein OS=Homo sapiens OX=9606 GN=HPS3 PE=1 SV=1,HPS3,0.6646,0.003619908729729,Down,113.73,1.307864,1.552151,1.551381,0.912789,1.021532,0.997318
Q96B70,Leukocyte receptor cluster member 9 OS=Homo sapiens OX=9606 GN=LENG9 PE=2 SV=2,LENG9,0.4685,0.013113802654125,Down,53.166,2.124048,1.592766,2.006476,0.701207,1.189857,0.790188
Q96D53,"Atypical kinase COQ8B, mitochondrial OS=Homo sapiens OX=9606 GN=COQ8B PE=1 SV=2",COQ8B,0.4843,0.001103894973848,Down,60.069,2.208048,2.454205,2.060078,0.946622,1.202625,1.106555
Q96DC8,"Enoyl-CoA hydratase domain-containing protein 3, mitochondrial OS=Homo sapiens OX=9606 GN=ECHDC3 PE=1 SV=2",ECHDC3,0.6309,0.008822369973005,Down,32.633,1.307682,1.409789,1.44009,0.878198,0.732476,1.012478
Q96ED9,Protein Hook homolog 2 OS=Homo sapiens OX=9606 GN=HOOK2 PE=1 SV=3,HOOK2,0.6565,0.049542566400473,Down,83.206,1.496224,1.281304,1.656431,1.251,0.842622,0.817161
Q96EI5,Transcription elongation factor A protein-like 4 OS=Homo sapiens OX=9606 GN=TCEAL4 PE=1 SV=2,TCEAL4,0.4492,0.00206404334791,Down,24.647,0.955026,0.768177,0.956999,0.387304,0.468017,0.348728
Q96EX1,Small integral membrane protein 12 OS=Homo sapiens OX=9606 GN=SMIM12 PE=1 SV=3,SMIM12,0.5586,0.01781582699643,Down,10.799,1.052424,1.209676,1.088829,0.577435,0.808735,0.485747
Q96JQ2,Calmin OS=Homo sapiens OX=9606 GN=CLMN PE=1 SV=1,CLMN,0.5595,0.030068830954369,Down,111.65,2.400927,1.675705,1.366899,0.960284,1.005404,1.080119
Q96KQ7,Histone-lysine N-methyltransferase EHMT2 OS=Homo sapiens OX=9606 GN=EHMT2 PE=1 SV=3,EHMT2,0.5716,0.010939330458056,Down,132.37,1.353293,1.395618,1.55707,0.911512,0.729223,
Q96QV6,Histone H2A type 1-A OS=Homo sapiens OX=9606 GN=H2AC1 PE=1 SV=3,H2AC1,3.8464,0.00672601629507,Up,14.233,0.156502,0.324228,0.132523,0.755555,0.765597,0.837637
Q96SL1,Solute carrier family 49 member 4 OS=Homo sapiens OX=9606 GN=SLC49A4 PE=1 SV=1,SLC49A4,0.6404,0.006216140003674,Down,52.087,1.8382,1.416459,1.480493,0.969408,1.043298,1.019872
Q96T60,Bifunctional polynucleotide phosphatase/kinase OS=Homo sapiens OX=9606 GN=PNKP PE=1 SV=1,PNKP,0.6546,0.00094919473298,Down,57.076,1.472237,1.344812,1.586555,0.957225,0.973801,0.95143
Q99538,Legumain OS=Homo sapiens OX=9606 GN=LGMN PE=1 SV=1,LGMN,0.6074,0.035196093476103,Down,49.411,0.946815,0.69247,1.005734,0.609212,0.427296,0.570111
Q99661,Kinesin-like protein KIF2C OS=Homo sapiens OX=9606 GN=KIF2C PE=1 SV=2,KIF2C,2.1839,0.000852628582504,Up,81.312,0.635404,0.527131,0.70174,1.325137,1.318577,1.427622
Q99717,Mothers against decapentaplegic homolog 5 OS=Homo sapiens OX=9606 GN=SMAD5 PE=1 SV=1,SMAD5,0.5907,0.006928082809816,Down,52.258,1.38177,1.476057,1.560583,1.020971,0.725674,0.863325
Q99988,Growth/differentiation factor 15 OS=Homo sapiens OX=9606 GN=GDF15 PE=1 SV=3,GDF15,5.3788,0.000132075310963,Up,34.14,0.381488,0.394292,0.286615,2.115576,1.862451,1.736413
Q9BPW9,Dehydrogenase/reductase SDR family member 9 OS=Homo sapiens OX=9606 GN=DHRS9 PE=1 SV=1,DHRS9,0.4637,0.028449009694593,Down,35.227,0.076812,0.040138,0.042173,0.023785,0.027401,0.022606
Q9BQ70,Transcription factor 25 OS=Homo sapiens OX=9606 GN=TCF25 PE=1 SV=1,TCF25,0.5745,0.011542845825747,Down,76.666,1.234349,1.41126,1.415478,0.862897,0.692432,
Q9BQP7,Mitochondrial genome maintenance exonuclease 1 OS=Homo sapiens OX=9606 GN=MGME1 PE=1 SV=1,MGME1,0.5428,0.018362280649257,Down,39.42,0.77806,0.615195,0.972157,0.450993,0.472226,0.360753
Q9BR61,Acyl-CoA-binding domain-containing protein 6 OS=Homo sapiens OX=9606 GN=ACBD6 PE=1 SV=1,ACBD6,0.6083,6.7911224327313E-05,Down,31.15,1.175057,1.176074,1.108319,0.671803,0.716074,0.716379
Q9BRK5,45 kDa calcium-binding protein OS=Homo sapiens OX=9606 GN=SDF4 PE=1 SV=1,SDF4,0.539,0.000394905899318,Down,41.806,0.831866,0.759091,0.760703,0.383439,0.446766,0.43745
Q9BRQ8,Ferroptosis suppressor protein 1 OS=Homo sapiens OX=9606 GN=AIFM2 PE=1 SV=1,AIFM2,1.6723,0.019065506890261,Up,40.526,0.761303,0.741609,0.907474,1.292322,1.640543,1.098011
Q9BSV6,tRNA-splicing endonuclease subunit Sen34 OS=Homo sapiens OX=9606 GN=TSEN34 PE=1 SV=1,TSEN34,0.6145,0.000463909370828,Down,33.652,1.243339,1.443122,1.373118,0.831049,0.852819,0.810588
Q9BTM9,Ubiquitin-related modifier 1 OS=Homo sapiens OX=9606 GN=URM1 PE=1 SV=1,URM1,0.4745,0.013729881767568,Down,11.38,0.819031,1.371275,0.906306,0.540113,0.503231,0.425913
Q9BTX7,Alpha-tocopherol transfer protein-like OS=Homo sapiens OX=9606 GN=TTPAL PE=1 SV=2,TTPAL,1.6596,0.012343483019888,Up,38.515,1.035293,0.72497,0.842372,1.303569,1.420889,1.594862
Q9BUM1,Glucose-6-phosphatase 3 OS=Homo sapiens OX=9606 GN=G6PC3 PE=1 SV=2,G6PC3,1.8482,0.045708280650631,Up,38.734,0.732462,0.651516,0.72682,1.005969,1.594843,
Q9BVJ7,Dual specificity protein phosphatase 23 OS=Homo sapiens OX=9606 GN=DUSP23 PE=1 SV=1,DUSP23,0.5868,0.002940982285484,Down,16.588,1.357463,1.4838,1.279252,0.696541,0.851205,0.870076
Q9BW61,DET1- and DDB1-associated protein 1 OS=Homo sapiens OX=9606 GN=DDA1 PE=1 SV=1,DDA1,0.5671,0.014630032301208,Down,11.835,1.781001,1.250216,1.876368,0.850915,0.965008,0.967154
Q9BW83,Intraflagellar transport protein 27 homolog OS=Homo sapiens OX=9606 GN=IFT27 PE=1 SV=1,IFT27,0.5399,0.017133413811966,Down,20.48,0.594055,0.665744,0.481766,0.243193,0.375928,0.321188
Q9BWE0,Replication initiator 1 OS=Homo sapiens OX=9606 GN=REPIN1 PE=1 SV=1,REPIN1,0.5947,0.022255190842243,Down,63.574,1.901227,2.104057,1.745489,1.29489,0.851024,1.273884
Q9BXS4,Transmembrane protein 59 OS=Homo sapiens OX=9606 GN=TMEM59 PE=1 SV=1,TMEM59,0.2231,7.75588258815536E-05,Down,36.223,2.481646,2.293474,2.667779,0.622562,0.474138,0.563682
Q9BY42,Replication termination factor 2 OS=Homo sapiens OX=9606 GN=RTF2 PE=1 SV=3,RTF2,0.4452,0.019421443399419,Down,33.886,0.969227,0.880372,1.642001,0.555609,0.45199,0.5468
Q9BY76,Angiopoietin-related protein 4 OS=Homo sapiens OX=9606 GN=ANGPTL4 PE=1 SV=2,ANGPTL4,1.5072,5.90282716214916E-05,Up,45.214,0.242124,0.229993,0.225804,0.354309,0.353863,0.343719
Q9C005,Protein dpy-30 homolog OS=Homo sapiens OX=9606 GN=DPY30 PE=1 SV=1,DPY30,2.7826,0.030561954075019,Up,11.25,0.727332,0.554969,0.307079,1.241481,1.109668,2.071403
Q9C037,E3 ubiquitin-protein ligase TRIM4 OS=Homo sapiens OX=9606 GN=TRIM4 PE=1 SV=2,TRIM4,0.6289,0.029047967352458,Down,57.46,1.566131,1.437785,1.789718,0.842244,1.272834,0.899638
Q9GZY8,Mitochondrial fission factor OS=Homo sapiens OX=9606 GN=MFF PE=1 SV=1,MFF,0.6514,0.000967989846262,Down,38.464,1.693425,1.601377,1.751436,1.007785,1.158118,1.121398
Q9H0Q0,CYFIP-related Rac1 interactor A OS=Homo sapiens OX=9606 GN=CYRIA PE=2 SV=1,CYRIA,0.6541,0.018057016184502,Down,37.312,0.723395,0.597973,0.611777,0.443125,0.348034,0.473275
Q9H0U6,"39S ribosomal protein L18, mitochondrial OS=Homo sapiens OX=9606 GN=MRPL18 PE=1 SV=1",MRPL18,0.5156,0.024940104421392,Down,20.576,1.105682,1.588881,1.36737,0.772013,0.624171,
Q9H0X4,Protein FAM234A OS=Homo sapiens OX=9606 GN=FAM234A PE=1 SV=1,FAM234A,0.4653,0.004593310842764,Down,59.659,1.706784,1.944247,1.623044,0.896603,0.739534,
Q9H1E5,Thioredoxin-related transmembrane protein 4 OS=Homo sapiens OX=9606 GN=TMX4 PE=1 SV=1,TMX4,0.5636,7.84391197184344E-05,Down,38.952,1.20556,1.333035,1.282879,0.720534,0.739516,0.693788
Q9H3D4,Tumor protein 63 OS=Homo sapiens OX=9606 GN=TP63 PE=1 SV=1,TP63,0.5848,0.001775787498026,Down,76.785,1.33231,1.312368,1.369464,0.856434,0.676007,0.815173
Q9H467,CUE domain-containing protein 2 OS=Homo sapiens OX=9606 GN=CUEDC2 PE=1 SV=1,CUEDC2,0.5432,0.017479687822367,Down,32.009,,1.046004,1.424109,0.699945,0.693386,0.619265
Q9H4F8,SPARC-related modular calcium-binding protein 1 OS=Homo sapiens OX=9606 GN=SMOC1 PE=1 SV=1,SMOC1,0.2632,0.000931239869404,Down,48.162,2.147661,2.073475,2.671708,0.670966,0.685291,0.457596
Q9H4I3,TraB domain-containing protein OS=Homo sapiens OX=9606 GN=TRABD PE=1 SV=1,TRABD,0.4826,0.01537870698555,Down,42.321,1.673884,1.992492,1.889154,1.238235,0.719058,0.7239
Q9H920,RING finger protein 121 OS=Homo sapiens OX=9606 GN=RNF121 PE=1 SV=1,RNF121,0.5144,0.002268144476066,Down,37.882,1.092291,1.05341,1.357969,0.591151,0.660457,0.550765
Q9H977,WD repeat-containing protein 54 OS=Homo sapiens OX=9606 GN=WDR54 PE=1 SV=1,WDR54,2.3553,0.032534620755852,Up,35.891,0.48765,,0.380557,,1.123774,0.921138
Q9HBH0,Rho-related GTP-binding protein RhoF OS=Homo sapiens OX=9606 GN=RHOF PE=1 SV=1,RHOF,1.5788,0.007895871413451,Up,23.625,0.972872,1.279684,1.072599,1.920018,1.68605,1.643615
Q9HBK9,Arsenite methyltransferase OS=Homo sapiens OX=9606 GN=AS3MT PE=1 SV=3,AS3MT,0.4017,0.024664041476076,Down,41.747,0.816523,1.317871,1.171374,0.616387,0.430045,0.281445
Q9HCK8,Chromodomain-helicase-DNA-binding protein 8 OS=Homo sapiens OX=9606 GN=CHD8 PE=1 SV=5,CHD8,0.3257,8.58282295137817E-05,Down,290.52,2.113095,1.936065,2.286467,0.643537,0.662562,0.757365
Q9HD26,Golgi-associated PDZ and coiled-coil motif-containing protein OS=Homo sapiens OX=9606 GN=GOPC PE=1 SV=1,GOPC,0.5039,0.007980115476691,Down,50.519,1.550281,1.36704,1.523583,0.959211,0.66608,0.612352
Q9NPR2,Semaphorin-4B OS=Homo sapiens OX=9606 GN=SEMA4B PE=1 SV=4,SEMA4B,0.2622,0.000397173320244,Down,92.765,1.699246,1.453566,1.887094,0.383491,0.411108,0.527069
Q9NQT8,Kinesin-like protein KIF13B OS=Homo sapiens OX=9606 GN=KIF13B PE=1 SV=2,KIF13B,0.6531,0.036272685846257,Down,202.79,1.203776,1.315516,1.836543,1.006645,0.908721,0.929634
Q9NQW6,Anillin OS=Homo sapiens OX=9606 GN=ANLN PE=1 SV=2,ANLN,2.4051,0.000322865026689,Up,124.2,0.451723,0.556881,0.529955,1.152189,1.333753,1.214444
Q9NUM4,Transmembrane protein 106B OS=Homo sapiens OX=9606 GN=TMEM106B PE=1 SV=2,TMEM106B,0.5815,0.000345830037134,Down,31.127,1.413631,1.541579,1.599818,0.934402,0.872694,0.841477
Q9NVK5,FGFR1 oncogene partner 2 OS=Homo sapiens OX=9606 GN=FGFR1OP2 PE=1 SV=1,FGFR1OP2,0.6327,0.024415094412038,Down,29.426,1.409105,1.36313,1.097629,0.776151,0.856045,
Q9NXW2,DnaJ homolog subfamily B member 12 OS=Homo sapiens OX=9606 GN=DNAJB12 PE=1 SV=5,DNAJB12,0.472,0.00146537905221,Down,41.859,1.585119,1.352946,1.529425,0.68143,,0.724345
Q9NYJ1,"Cytochrome c oxidase assembly factor 4 homolog, mitochondrial OS=Homo sapiens OX=9606 GN=COA4 PE=1 SV=2",COA4,0.4439,0.004471996225599,Down,10.134,0.966329,0.76943,0.832169,0.430353,0.418427,0.291085
Q9NYY8,"FAST kinase domain-containing protein 2, mitochondrial OS=Homo sapiens OX=9606 GN=FASTKD2 PE=1 SV=1",FASTKD2,0.5311,0.004557197776578,Down,81.462,1.696081,1.499847,1.33671,0.718689,0.946224,0.742323
Q9P0S9,Transmembrane protein 14C OS=Homo sapiens OX=9606 GN=TMEM14C PE=1 SV=1,TMEM14C,2.0113,0.010858346188431,Up,11.564,0.592228,0.361618,0.39197,0.853846,0.991719,0.861309
Q9P1F3,Costars family protein ABRACL OS=Homo sapiens OX=9606 GN=ABRACL PE=1 SV=1,ABRACL,1.5984,0.000950164133764,Up,9.0564,0.396902,0.441477,0.473193,0.714392,0.67504,0.706969
Q9P1U0,DNA-directed RNA polymerase I subunit RPA12 OS=Homo sapiens OX=9606 GN=ZNRD1 PE=1 SV=1,ZNRD1,2.0181,0.000859836799408,Up,13.904,0.714944,0.753914,0.588018,1.414931,1.415042,1.320959
Q9P2D0,Inhibitor of Bruton tyrosine kinase OS=Homo sapiens OX=9606 GN=IBTK PE=1 SV=3,IBTK,0.5727,0.007674990824204,Down,150.53,1.930434,1.512517,1.813298,0.936282,0.894141,1.179711
Q9UGT4,Sushi domain-containing protein 2 OS=Homo sapiens OX=9606 GN=SUSD2 PE=1 SV=1,SUSD2,1.7044,0.034348904117393,Up,90.207,0.729167,,0.829445,1.554448,1.088261,1.341944
Q9UKK3,Protein mono-ADP-ribosyltransferase PARP4 OS=Homo sapiens OX=9606 GN=PARP4 PE=1 SV=3,PARP4,0.5849,7.86925295486072E-05,Down,192.59,0.941642,0.882978,0.867234,0.546824,0.513945,0.513814
Q9UKM7,"Endoplasmic reticulum mannosyl-oligosaccharide 1,2-alpha-mannosidase OS=Homo sapiens OX=9606 GN=MAN1B1 PE=1 SV=2",MAN1B1,0.6522,0.00012900756397,Down,79.579,1.151803,1.123585,1.231274,0.747645,0.764267,0.775191
Q9UKV5,E3 ubiquitin-protein ligase AMFR OS=Homo sapiens OX=9606 GN=AMFR PE=1 SV=2,AMFR,0.5883,0.012538985972044,Down,72.995,1.393232,1.600821,1.379575,1.027787,0.857301,0.687919
Q9ULR0,Pre-mRNA-splicing factor ISY1 homolog OS=Homo sapiens OX=9606 GN=ISY1 PE=1 SV=3,ISY1,0.5762,0.021726872387056,Down,32.992,1.352098,1.343045,1.484599,0.673648,0.931928,
Q9ULW0,Targeting protein for Xklp2 OS=Homo sapiens OX=9606 GN=TPX2 PE=1 SV=2,TPX2,2.177,1.83251452846941E-05,Up,85.652,0.624036,0.59596,0.588691,1.303035,1.255339,1.379139
Q9ULX9,Transcription factor MafF OS=Homo sapiens OX=9606 GN=MAFF PE=1 SV=2,MAFF,2.114,0.01143697472214,Up,17.76,0.445657,0.467565,0.561633,0.770023,1.062677,1.285178
Q9UMR2,ATP-dependent RNA helicase DDX19B OS=Homo sapiens OX=9606 GN=DDX19B PE=1 SV=1,DDX19B,1.7449,0.032195239437462,Up,53.926,0.683048,0.679694,0.733886,1.345764,1.452182,0.860467
Q9UMX5,Neudesin OS=Homo sapiens OX=9606 GN=NENF PE=1 SV=1,NENF,1.5165,0.046443813367061,Up,18.856,0.666742,0.458996,0.489802,0.773365,0.967837,0.708813
Q9UNA4,DNA polymerase iota OS=Homo sapiens OX=9606 GN=POLI PE=1 SV=3,POLI,0.4034,0.013771809555875,Down,83.005,1.150147,1.594182,1.088614,,0.569527,0.461197
Q9Y2I1,Nischarin OS=Homo sapiens OX=9606 GN=NISCH PE=1 SV=3,NISCH,1.5573,0.000505057361571,Up,166.63,0.795172,0.846782,0.916665,1.295515,1.332987,1.356068
Q9Y2K7,Lysine-specific demethylase 2A OS=Homo sapiens OX=9606 GN=KDM2A PE=1 SV=3,KDM2A,0.6508,0.023183746249479,Down,132.79,1.993005,1.83249,1.521599,1.067735,1.034781,1.377206
Q9Y2R0,"Cytochrome c oxidase assembly factor 3 homolog, mitochondrial OS=Homo sapiens OX=9606 GN=COA3 PE=1 SV=1",COA3,0.5668,0.000640481987618,Down,11.731,1.218529,1.176617,1.315108,0.769582,0.655652,0.677583
Q9Y2Z9,"Ubiquinone biosynthesis monooxygenase COQ6, mitochondrial OS=Homo sapiens OX=9606 GN=COQ6 PE=1 SV=2",COQ6,0.6119,0.005408482735158,Down,50.869,1.67273,2.000697,1.884365,1.081038,1.300197,1.019785
Q9Y4C1,Lysine-specific demethylase 3A OS=Homo sapiens OX=9606 GN=KDM3A PE=1 SV=4,KDM3A,2.5948,0.003519399540011,Up,147.34,0.716896,0.432284,0.598398,1.428746,1.68024,1.425548
Q9Y4K3,TNF receptor-associated factor 6 OS=Homo sapiens OX=9606 GN=TRAF6 PE=1 SV=1,TRAF6,0.6377,0.037395686496419,Down,59.573,1.349302,1.025979,1.32995,0.801972,0.937772,0.622937
Q9Y5J9,Mitochondrial import inner membrane translocase subunit Tim8 B OS=Homo sapiens OX=9606 GN=TIMM8B PE=1 SV=1,TIMM8B,0.3987,7.70367345471519E-06,Down,9.3435,1.584256,1.481746,1.500832,0.608513,0.581815,0.630551
Q9Y5Y6,Suppressor of tumorigenicity 14 protein OS=Homo sapiens OX=9606 GN=ST14 PE=1 SV=2,ST14,0.5091,0.01408976696882,Down,94.769,2.447747,1.654482,1.790515,1.20162,0.826431,0.972099
